Happiness Factor,Proportion of Happiness Score
Economy (GDP per Capita),0.3446088311783284
Family,0.2394546443441975
Health (Life Expectancy),0.17802214878903802
Freedom,0.11006522146503772
Trust (Government Corruption),0.033977321029466205
Generosity,0.09387183319393216
